20170101,서초,2.7,75.9,40,26,0.014,0.057,0.7,0.006,103
20170102,서초,5,77.8,33,21,0.014,0.047,0.5,0.004,94
20170103,서초,2,61.8,46,33,0.023,0.034,0.5,0.005,98
20170104,서초,3.9,55,46,31,0.018,0.044,0.6,0.005,90
20170105,서초,3.8,52.3,28,17,0.023,0.032,0.4,0.004,103
20170106,서초,5.4,58.5,33,21,0.034,0.017,0.4,0.004,102
20170107,서초,4.6,64.9,36,28,0.008,0.049,0.6,0.004,97
20170108,서초,6.5,61.4,47,30,0.01,0.052,0.6,0.004,93
20170109,서초,1.5,60.8,40,20,0.033,0.016,0.3,0.003,93
20170110,서초,-3.7,45.1,43,28,0.013,0.045,0.6,0.004,102
20170111,서초,-3.8,36.4,29,16,0.029,0.021,0.3,0.004,102
20170112,서초,-2.2,43.1,42,16,0.03,0.018,0.3,0.003,92
20170113,서초,-6,47.4,71,53,0.008,0.07,1.2,0.007,105
20170114,서초,-8.4,33.3,59,43,0.007,0.069,0.9,0.007,107
20170115,서초,-6.6,35.3,47,32,0.022,0.036,0.4,0.005,97
20170116,서초,-3.8,37.6,42,29,0.006,0.057,0.7,0.006,103
20170117,서초,-2,46.6,29,19,0.021,0.03,0.4,0.004,95
20170118,서초,-0.5,68.9,28,16,0.025,0.018,0.3,0.003,92
20170119,서초,-1.2,55.4,32,18,0.027,0.015,0.3,0.003,92
20170120,서초,-4.4,70.3,48,19,0.027,0.016,0.3,0.003,101
20170121,서초,-5.2,78.1,51,31,0.009,0.044,0.7,0.005,94
20170122,서초,-8.3,51.3,36,23,0.008,0.045,0.5,0.004,88
20170123,서초,-8.9,48.4,38,27,0.03,0.02,0.4,0.004,101
20170124,서초,-7,49.6,69,56,0.014,0.044,0.8,0.005,100
20170125,서초,-5.2,50.6,90,69,0.004,0.07,1.1,0.005,101
20170126,서초,-1.3,64.4,64,44,0.019,0.051,0.7,0.006,96
20170127,서초,-2.6,47.3,30,17,0.017,0.036,0.5,0.004,101
20170128,서초,-1.6,38,34,21,0.019,0.032,0.5,0.004,103
20170129,서초,0.8,71.1,26,17,0.012,0.037,0.5,0.003,89
20170130,서초,-4.8,61.4,46,33,0.029,0.015,0.4,0.004,98
20170131,서초,-5.4,44.8,26,16,0.006,0.042,0.6,0.003,95
20170201,서초,-4,44.5,31,13,0.011,0.038,0.5,0.003,88
20170202,서초,-2.7,52.9,102,18,0.027,0.016,0.3,0.003,101
20170203,서초,1.5,65.4,66,52,0.006,0.067,1,0.006,99
20170204,서초,0.9,69.4,47,37,0.008,0.054,0.7,0.004,112
20170205,서초,1.2,75.3,35,27,0.016,0.036,0.4,0.004,109
20170206,서초,-1.7,51,46,37,0.021,0.025,0.4,0.004,101
20170207,서초,-2,45.4,72,28,0.028,0.014,0.4,0.005,105
20170208,서초,-2.2,50.1,49,38,0.007,0.049,0.6,0.004,92
20170209,서초,-5.3,47,54,41,0.019,0.032,0.5,0.005,99
20170210,서초,-6.6,44.3,96,73,0.006,0.058,0.9,0.006,92
20170211,서초,-4.8,45.4,94,77,0.005,0.056,0.9,0.007,100
20170212,서초,-2.2,51.3,72,51,0.002,0.069,1.1,0.006,93
20170213,서초,0.1,59.6,44,26,0.005,0.048,0.6,0.004,107
20170214,서초,0.3,46,26,14,0.018,0.021,0.3,0.003,113
20170215,서초,1.8,52.1,44,12,0.025,0.011,0.3,0.003,107
20170216,서초,5.5,63.9,28,13,0.024,0.018,0.3,0.003,100
20170217,서초,0.8,56.9,28,17,0.018,0.028,0.4,0.004,97
20170218,서초,-2.6,49.4,24,14,0.015,0.032,0.3,0.004,103
20170219,서초,2.3,68,30,16,0.023,0.02,0.3,0.003,93
20170220,서초,-1.5,53.8,55,46,0.028,0.021,0.6,0.005,101
20170221,서초,-0.6,37.1,30,23,0.014,0.036,0.5,0.003,93
20170222,서초,1.7,70.8,52,41,0.004,0.056,0.8,0.004,102
20170223,서초,-1.5,56.4,18,14,0.012,0.04,0.5,0.003,103
20170224,서초,-0.8,51.3,35,23,0.008,0.045,0.6,0.004,109
20170225,서초,2.6,63.6,51,34,0.009,0.057,0.9,0.005,100
20170226,서초,3.6,52.8,73,50,0.013,0.049,0.7,0.005,100
20170227,서초,3.7,37.4,108,82,0.017,0.045,0.9,0.006,108
20170228,서초,5.6,41.5,81,64,0.003,0.057,1,0.005,99
20170301,서초,5,65,57,43,0.019,0.054,0.6,0.005,92
20170302,서초,1.8,59.5,32,22,0.031,0.023,0.4,0.003,91
20170303,서초,3.3,54.4,39,21,0.018,0.045,0.5,0.004,96
20170304,서초,5.7,60,52,34,0.014,0.056,0.7,0.005,97
20170305,서초,5.2,71.6,60,44,0.029,0.039,0.5,0.004,95
20170306,서초,0.1,41.3,34,24,0.033,0.018,0.3,0.003,96
20170307,서초,-1.3,37.5,31,19,0.035,0.016,0.3,0.003,94
20170308,서초,-0.1,50.6,40,18,0.03,0.026,0.4,0.003,96
20170309,서초,3.2,47.3,43,19,0.027,0.033,0.5,0.004,95
20170310,서초,4.8,37.4,42,24,0.023,0.042,0.5,0.004,94
20170311,서초,7.3,37.4,59,37,0.018,0.062,0.7,0.006,96
20170312,서초,8.2,58.4,84,61,0.026,0.06,0.8,0.006,92
20170313,서초,6.9,49.8,58,39,0.036,0.027,0.5,0.004,90
20170314,서초,5.8,37.5,46,26,0.035,0.024,0.4,0.004,100
20170315,서초,6.3,34.9,37,21,0.023,0.039,0.5,0.003,95
20170316,서초,6.2,41.8,60,39,0.022,0.056,0.6,0.005,101
20170317,서초,7.7,43.1,71,51,0.024,0.059,0.7,0.005,92
20170318,서초,9.5,34.1,75,53,0.027,0.065,0.7,0.008,97
20170319,서초,10.9,36,70,51,0.03,0.05,0.7,0.005,91
20170320,서초,10.2,40.4,90,62,0.008,0.074,0.9,0.006,96
20170321,서초,7.4,48.1,91,62,0.032,0.032,0.6,0.006,90
20170322,서초,7.6,32.8,45,27,0.033,0.035,0.4,0.004,103
20170323,서초,9.1,34,65,39,0.029,0.046,0.6,0.004,104
20170324,서초,8.7,41.4,53,32,0.018,0.051,0.5,0.004,95
20170325,서초,8.1,41.1,64,44,0.021,0.051,0.6,0.005,105
20170326,서초,7.3,53.1,59,41,0.029,0.039,0.5,0.005,98
20170327,서초,6.1,67.4,69,51,0.033,0.038,0.8,0.004,112
20170328,서초,7.1,59.8,82,58,0.019,0.053,0.8,0.005,106
20170329,서초,8.8,54.9,57,40,0.035,0.038,0.5,0.004,99
20170330,서초,10.6,50,62,40,0.026,0.049,0.6,0.004,94
20170331,서초,8.6,70.6,49,33,0.018,0.047,0.6,0.003,99
20170401,서초,9,60.5,20,14,0.033,0.028,0.4,0.002,102
20170402,서초,9,53.1,45,32,0.033,0.036,0.5,0.004,100
20170403,서초,11.4,45.6,75,53,0.034,0.052,0.6,0.006,107
20170404,서초,14.1,35.3,72,48,0.037,0.056,0.7,0.005,93
20170405,서초,12,66,54,36,0.012,0.066,0.7,0.006,98
20170406,서초,10.4,90,23,17,0.023,0.031,0.4,0.003,106
20170407,서초,14.5,68.1,43,30,0.022,0.04,0.5,0.003,102
20170408,서초,13,74.5,64,44,0.021,0.041,0.6,0.003,95
20170409,서초,14.8,59.6,41,28,0.026,0.029,0.5,0.002,97
20170410,서초,16.5,25.8,27,17,0.028,0.04,0.4,0.003,104
20170411,서초,15.3,36.8,52,23,0.034,0.034,0.4,0.003,97
20170412,서초,11.5,21.8,55,11,0.04,0.017,0.3,0.003,97
20170413,서초,12.7,54,63,26,0.034,0.037,0.5,0.005,102
20170414,서초,13,57.9,50,21,0.04,0.037,0.4,0.005,91
20170415,서초,16.8,59.4,59,29,0.043,0.037,0.5,0.005,92
20170416,서초,18.7,52.9,55,31,0.029,0.051,0.6,0.005,109
20170417,서초,14.7,66.5,39,23,0.022,0.049,0.6,0.003,93
20170418,서초,11.7,76.5,35,20,0.022,0.04,0.5,0.003,105
20170419,서초,12.6,43.1,70,14,0.032,0.024,0.3,0.003,104
20170420,서초,12.9,45.4,71,19,0.029,0.04,0.4,0.004,91
20170421,서초,13.1,56.5,59,20,0.028,0.045,0.5,0.004,97
20170422,서초,14.8,48.4,57,25,0.032,0.038,0.5,0.003,95
20170423,서초,14.9,40,45,22,0.041,0.036,0.4,0.004,93
20170424,서초,15.1,39.4,38,17,0.036,0.042,0.5,0.004,94
20170425,서초,16,56.8,51,27,0.044,0.035,0.4,0.004,100
20170426,서초,15.1,36,41,17,0.041,0.02,0.3,0.003,106
20170427,서초,13.6,41.8,39,13,0.039,0.024,0.4,0.004,108
20170428,서초,14.4,57.3,57,24,0.033,0.038,0.6,0.007,98
20170429,서초,17.1,44.3,57,27,0.038,0.037,0.5,0.006,90
20170430,서초,19.3,57.9,81,47,0.071,0.028,0.6,0.007,101
20170501,서초,20.1,50.8,84,47,0.061,0.033,0.6,0.005,99
20170502,서초,20.7,42,87,46,0.044,0.05,0.6,0.005,95
20170503,서초,21.5,34.1,60,29,0.063,0.041,0.5,0.004,97
20170504,서초,21,43.6,56,30,0.034,0.045,0.5,0.005,94
20170505,서초,20.9,53.4,45,20,0.039,0.019,0.3,0.003,154
20170506,서초,14.9,32,164,17,0.041,0.02,0.3,0.003,101
20170507,서초,16.6,42.6,75,14,0.044,0.023,0.3,0.005,106
20170508,서초,17.9,43.6,147,34,0.044,0.043,0.5,0.008,97
20170509,서초,17.1,62.6,112,30,0.022,0.044,0.5,0.005,98
20170510,서초,16.4,73,37,17,0.035,0.023,0.4,0.002,91
20170511,서초,19.3,65.3,65,32,0.033,0.042,0.5,0.005,94
20170512,서초,19.1,71.6,70,42,0.035,0.044,0.6,0.006,99
20170513,서초,16.4,77.8,45,24,0.039,0.031,0.4,0.004,99
20170514,서초,15.7,58.3,48,12,0.044,0.018,0.3,0.004,103
20170515,서초,16,61.4,35,10,0.032,0.026,0.3,0.004,93
20170516,서초,17.1,60.5,30,15,0.033,0.031,0.3,0.004,91
20170517,서초,18.7,50,31,16,0.024,0.037,0.4,0.005,102
20170518,서초,20.4,41.9,40,24,0.045,0.044,0.5,0.006,94
20170519,서초,21.1,42.6,39,22,0.047,0.037,0.4,0.006,90
20170520,서초,20.9,44,32,19,0.044,0.033,0.4,0.007,98
20170521,서초,21.5,48.1,26,16,0.042,0.025,0.3,0.004,98
20170522,서초,21.8,53.6,35,23,0.034,0.031,0.4,0.004,95
20170523,서초,20,68,29,19,0.017,0.033,0.4,0.004,104
20170524,서초,21.8,60.4,22,13,0.028,0.028,0.3,0.002,93
20170525,서초,19.2,45.6,32,13,0.037,0.031,0.4,0.003,96
20170526,서초,17.7,41.5,19,7,0.038,0.02,0.3,0.003,100
20170527,서초,19.5,46.1,27,12,0.045,0.029,0.4,0.004,97
20170528,서초,21.2,50.6,37,20,0.053,0.03,0.4,0.005,95
20170529,서초,22.9,61.8,59,33,0.064,0.033,0.5,0.007,99
20170530,서초,23.6,43.5,44,21,0.042,0.04,0.4,0.006,89
20170531,서초,23.3,49.1,31,18,0.027,0.043,0.4,0.004,97
20170601,서초,23.3,51.8,29,16,0.042,0.016,0.3,0.002,105
20170602,서초,20.5,37.4,23,8,0.043,0.017,0.2,0.002,112
20170603,서초,20.5,44,25,10,0.039,0.02,0.3,0.003,109
20170604,서초,21.7,36.9,24,10,0.045,0.021,0.3,0.002,105
20170605,서초,24.2,33.3,22,11,0.047,0.036,0.4,0.003,104
20170606,서초,19.4,60,18,10,0.036,0.029,0.3,0.002,96
20170607,서초,17.6,91.4,14,9,0.024,0.028,0.4,0.002,99
20170608,서초,20.1,67.3,38,25,0.057,0.026,0.6,0.003,103
20170609,서초,21.2,69.8,56,36,0.055,0.032,0.6,0.004,106
20170610,서초,21.5,46.8,41,19,0.05,0.022,0.4,0.002,101
20170611,서초,22.8,33.8,24,8,0.035,0.027,0.3,0.002,105
20170612,서초,22.1,45.5,25,11,0.046,0.025,0.3,0.002,109
20170613,서초,21.5,63,28,14,0.035,0.022,0.3,0.003,103
20170614,서초,21.8,63,37,19,0.039,0.027,0.3,0.003,99
20170615,서초,23.1,62.4,44,25,0.042,0.03,0.4,0.004,98
20170616,서초,25.5,55.8,55,39,0.057,0.042,0.5,0.011,105
20170617,서초,24.2,52.3,41,29,0.063,0.021,0.5,0.01,99
20170618,서초,24.3,52,35,25,0.048,0.021,0.4,0.007,106
20170619,서초,24.8,50.9,42,31,0.036,0.03,0.5,0.006,102
20170620,서초,26,43.4,40,29,0.045,0.024,0.5,0.005,102
20170621,서초,25.4,52.6,46,33,0.038,0.018,0.4,0.006,93
20170622,서초,25.3,57.3,31,23,0.036,0.016,0.3,0.005,98
20170623,서초,26.7,53,34,22,0.036,0.024,0.4,0.005,91
20170624,서초,24.5,60.4,32,21,0.021,0.027,0.5,0.006,95
20170625,서초,23.8,75.4,28,22,0.035,0.019,0.4,0.004,105
20170626,서초,23.1,76.9,22,16,0.031,0.029,0.4,0.003,93
20170627,서초,25.2,67.5,22,17,0.039,0.029,0.4,0.003,110
20170628,서초,26,63.5,36,30,0.051,0.032,0.4,0.004,108
20170629,서초,26.2,64.8,41,33,0.047,0.03,0.4,0.003,101
20170630,서초,25.9,65.9,45,35,0.049,0.026,0.4,0.002,102
20170701,서초,25.3,73.6,36,29,0.041,0.029,0.4,0.002,89
20170702,서초,24.3,90.5,27,21,0.022,0.019,0.3,0.002,87
20170703,서초,24.7,87.6,22,16,0.029,0.023,0.3,0.002,82
20170704,서초,26.7,74.5,33,25,0.042,0.024,0.4,0.003,90
20170705,서초,27.4,66.9,34,27,0.05,0.031,0.4,0.003,92
20170706,서초,27.6,72.3,44,34,0.054,0.042,0.5,0.003,90
20170707,서초,26.4,80.8,22,14,0.014,0.037,0.4,0.002,81
20170708,서초,26,83.3,26,17,0.02,0.027,0.3,0.002,85
20170709,서초,26.3,88,26,19,0.023,0.031,0.4,0.002,93
20170710,서초,24,96.5,13,9,0.011,0.034,0.4,0.002,84
20170711,서초,26,81.4,36,27,0.041,0.027,0.4,0.002,91
20170712,서초,27.1,75.9,43,32,0.05,0.025,0.4,0.002,88
20170713,서초,27.6,71,44,33,0.049,0.036,0.5,0.003,91
20170714,서초,28.7,68.4,43,32,0.042,0.04,0.5,0.004,80
20170715,서초,25,89,19,14,0.024,0.027,0.3,0.002,89
20170716,서초,26.2,83.4,17,12,0.02,0.025,0.3,0.003,85
20170717,서초,26.8,77.3,21,14,0.022,0.027,0.3,0.003,87
20170718,서초,26.5,80.6,25,18,0.031,0.032,0.4,0.003,76
20170719,서초,28.3,71.4,35,26,0.052,0.03,0.4,0.003,91
20170720,서초,29.9,66.1,46,35,0.051,0.037,0.5,0.005,91
20170721,서초,29.8,73.1,55,42,0.071,0.032,0.5,0.005,77
20170722,서초,29.3,75.8,55,41,0.054,0.028,0.5,0.006,88
20170723,서초,27,89.5,51,38,0.039,0.027,0.5,0.003,84
20170724,서초,26.2,82.3,32,23,0.021,0.041,0.6,0.003,90
20170725,서초,29.4,64.1,24,15,0.025,0.03,0.5,0.002,80
20170726,서초,28.7,55.6,17,10,0.034,0.034,0.4,0.002,82
20170727,서초,27.1,62.5,26,16,0.025,0.047,0.5,0.003,83
20170728,서초,25.5,92.1,34,22,0.014,0.043,0.7,0.003,85
20170729,서초,27.2,72.3,14,8,0.021,0.03,0.5,0.002,86
20170730,서초,27.9,64.4,20,14,0.043,0.019,0.4,0.003,83
20170731,서초,25.7,82.3,22,15,0.009,0.042,0.6,0.002,84
20170801,서초,28.6,73,20,12,0.026,0.033,0.5,0.003,85
20170802,서초,30,71.9,34,25,0.041,0.04,0.5,0.003,90
20170803,서초,30.2,60.6,25,16,0.028,0.04,0.5,0.003,86
20170804,서초,30.3,60.1,25,18,0.045,0.029,0.4,0.003,79
20170805,서초,31.4,63,26,20,0.041,0.028,0.4,0.003,89
20170806,서초,29.8,71.9,24,19,0.035,0.024,0.4,0.003,81
20170807,서초,29.2,68.1,30,23,0.054,0.016,0.4,0.003,84
20170808,서초,28.2,67.1,40,29,0.053,0.027,0.5,0.004,80
20170809,서초,27.6,66.4,32,24,0.032,0.035,0.5,0.003,91
20170810,서초,24.8,89.9,8,5,0.02,0.024,0.4,0.002,89
20170811,서초,27,72.5,11,6,0.013,0.029,0.4,0.002,78
20170812,서초,27.8,60.3,10,5,0.018,0.026,0.3,0.002,75
20170813,서초,26.3,62.1,9,5,0.014,0.021,0.3,0.002,96
20170814,서초,24.6,67.5,9,5,0.007,0.021,0.3,0.002,90
20170815,서초,21.9,93.8,6,4,0.005,0.02,0.3,0.002,91
20170816,서초,23.3,80.5,9,4,0.009,0.021,0.4,0.002,90
20170817,서초,24.8,77.1,11,8,0.011,0.031,0.4,0.002,80
20170818,서초,26.3,75.6,25,19,0.018,0.043,0.5,0.004,82
20170819,서초,26.1,75.8,23,16,0.021,0.035,0.5,0.003,86
20170820,서초,23.2,95.6,11,7,0.013,0.027,0.4,0.002,87
20170821,서초,25.8,81.5,13,9,0.015,0.027,0.4,0.003,81
20170822,서초,27.3,70.6,15,10,0.019,0.03,0.4,0.005,77
20170823,서초,27.2,84.1,23,12,0.005,0.027,0.5,0.004,89
20170824,서초,26.5,85.3,24,10,0.013,0.024,0.4,0.003,87
20170825,서초,25.3,61.9,24,13,0.024,0.035,0.6,0.004,89
20170826,서초,24.2,54.5,21,10,0.032,0.024,0.4,0.004,92
20170827,서초,22.7,62,21,12,0.017,0.034,0.4,0.003,84
20170828,서초,21.5,73.1,25,16,0.015,0.041,0.5,0.003,86
20170829,서초,19.5,51.4,15,7,0.031,0.012,0.3,0.002,87
20170830,서초,19.8,55.8,21,10,0.016,0.034,0.4,0.004,89
20170831,서초,22.2,62.4,34,21,0.029,0.033,0.6,0.003,91
20170901,서초,23.3,56,22,12,0.027,0.025,0.4,0.003,103
20170902,서초,23.8,59,23,14,0.032,0.029,0.4,0.004,90
20170903,서초,23.7,64,28,19,0.043,0.027,0.5,0.004,99
20170904,서초,24.6,53.8,28,19,0.03,0.041,0.5,0.003,103
20170905,서초,21.9,62.4,23,13,0.008,0.046,0.5,0.003,105
20170906,서초,20.6,75.5,24,15,0.016,0.041,0.5,0.003,94
20170907,서초,22.4,73.3,35,27,0.037,0.029,0.6,0.004,93
20170908,서초,24.3,67.5,58,41,0.034,0.035,0.7,0.005,95
20170909,서초,23.8,70.1,60,46,0.037,0.039,0.7,0.004,103
20170910,서초,23,74.3,46,35,0.022,0.045,0.7,0.003,103
20170911,서초,21.2,79.8,21,17,0.03,0.028,0.5,0.003,93
20170912,서초,22.1,58.6,21,12,0.025,0.031,0.5,0.004,105
20170913,서초,21.4,49.3,21,10,0.024,0.035,0.4,0.004,100
20170914,서초,22.4,48.8,24,12,0.024,0.035,0.5,0.003,101
20170915,서초,22.6,48.4,15,8,0.021,0.029,0.4,0.002,95
20170916,서초,22,50.9,9,5,0.022,0.022,0.3,0.002,102
20170917,서초,23.1,51.3,8,4,0.026,0.015,0.3,0.002,102
20170918,서초,21.9,62.8,18,9,0.026,0.028,0.4,0.003,107
20170919,서초,22.6,79.1,59,39,0.044,0.033,0.7,0.004,96
20170920,서초,19.5,48.9,20,8,0.029,0.022,0.3,0.003,96
20170921,서초,20.3,57.3,28,16,0.023,0.046,0.5,0.003,104
20170922,서초,20.6,60.8,30,20,0.031,0.047,0.5,0.004,98
20170923,서초,21.8,69.8,52,27,0.025,0.047,0.6,0.005,101
20170924,서초,22.4,71.5,62,38,0.038,0.031,0.6,0.004,97
20170925,서초,23.4,58,43,27,0.025,0.049,0.6,0.003,99
20170926,서초,25.1,57,45,27,0.029,0.049,0.6,0.003,92
20170927,서초,22.7,66.4,41,26,0.024,0.037,0.5,0.003,104
20170928,서초,19.2,49.1,20,8,0.029,0.019,0.4,0.003,103
20170929,서초,17.4,39.3,20,9,0.023,0.03,0.4,0.004,103
20170930,서초,20,64.9,33,19,0.024,0.041,0.5,0.005,110
20171001,서초,18.2,74.8,35,23,0.015,0.04,0.6,0.003,99
20171002,서초,22,62.3,18,10,0.033,0.018,0.3,0.003,86
20171003,서초,17.6,49.8,33,12,0.026,0.015,0.4,0.003,91
20171004,서초,16.7,48.5,20,9,0.024,0.017,0.3,0.002,98
20171005,서초,18.7,56.4,15,8,0.021,0.022,0.3,0.003,99
20171006,서초,18.9,66.4,12,7,0.022,0.019,0.3,0.002,92
20171007,서초,21.9,67.6,9,6,0.022,0.026,0.4,0.002,93
20171008,서초,23,66.9,19,13,0.024,0.029,0.5,0.004,95
20171009,서초,22.5,66,24,17,0.029,0.029,0.4,0.005,98
20171010,서초,21.4,76.9,29,19,0.011,0.038,0.5,0.003,95
20171011,서초,15.5,77.1,11,6,0.022,0.015,0.3,0.002,104
20171012,서초,11.4,71,20,12,0.012,0.025,0.4,0.002,98
20171013,서초,12.8,51,25,15,0.017,0.03,0.4,0.003,90
20171014,서초,14.4,42.8,20,11,0.026,0.025,0.4,0.003,101
20171015,서초,15.8,42.5,21,12,0.022,0.03,0.4,0.003,93
20171016,서초,16.6,47.6,28,16,0.018,0.033,0.5,0.003,95
20171017,서초,16.2,47.1,36,22,0.016,0.045,0.6,0.003,89
20171018,서초,16.5,58.8,25,16,0.015,0.038,0.5,0.003,95
20171019,서초,17,58.3,18,11,0.019,0.033,0.4,0.002,95
20171020,서초,17,58.6,31,18,0.015,0.044,0.5,0.003,97
20171021,서초,17.6,52.8,36,23,0.017,0.043,0.6,0.003,92
20171022,서초,16.3,50.4,25,15,0.024,0.026,0.4,0.002,91
20171023,서초,13.7,47,21,10,0.027,0.026,0.4,0.002,110
20171024,서초,14.4,54.3,30,16,0.016,0.041,0.5,0.003,94
20171025,서초,14.4,59,38,22,0.021,0.042,0.6,0.003,103
20171026,서초,14.5,56.5,46,29,0.015,0.05,0.7,0.003,93
20171027,서초,16.9,54.4,59,37,0.02,0.055,0.8,0.003,100
20171028,서초,17.2,51.9,44,28,0.023,0.046,0.7,0.003,99
20171029,서초,11.5,45.6,57,22,0.026,0.024,0.5,0.003,104
20171030,서초,7.7,27.4,32,14,0.023,0.023,0.4,0.003,96
20171031,서초,10.4,54.3,31,15,0.011,0.044,0.6,0.004,96
20171101,서초,14.4,72.4,37,20,0.021,0.041,0.5,0.005,98
20171102,서초,15.5,78.8,47,28,0.022,0.044,0.5,0.005,102
20171103,서초,12.3,66,38,26,0.029,0.027,0.4,0.003,95
20171104,서초,7.8,47.9,53,41,0.022,0.026,0.5,0.003,87
20171105,서초,8.4,52.5,42,30,0.013,0.041,0.6,0.004,92
20171106,서초,11.4,64.5,34,23,0.009,0.053,0.7,0.004,98
20171107,서초,14.4,61.4,43,28,0.004,0.064,0.7,0.004,106
20171108,서초,13.1,53.3,57,29,0.032,0.026,0.5,0.004,102
20171109,서초,9.4,39.6,48,26,0.008,0.052,0.7,0.004,99
20171110,서초,9.8,56.3,44,23,0.013,0.044,0.7,0.004,100
20171111,서초,5.9,42.9,59,12,0.019,0.021,0.4,0.003,101
20171112,서초,5.3,57.1,29,18,0.011,0.036,0.5,0.003,109
20171113,서초,8.4,64.4,39,25,0.005,0.051,0.7,0.004,98
20171114,서초,7.5,42.5,42,18,0.019,0.026,0.5,0.004,99
20171115,서초,3.2,38.3,23,11,0.021,0.021,0.4,0.004,95
20171116,서초,1,30.3,23,13,0.015,0.03,0.5,0.003,95
20171117,서초,3,39.4,39,24,0.003,0.048,0.7,0.004,97
20171118,서초,-2.1,38.5,37,21,0.024,0.012,0.4,0.003,100
20171119,서초,-1.6,37.8,23,12,0.021,0.018,0.4,0.003,103
20171120,서초,-0.4,55.3,35,21,0.01,0.036,0.6,0.004,102
20171121,서초,1.3,55.6,47,31,0.004,0.049,0.8,0.004,103
20171122,서초,4.3,54.8,63,34,0.011,0.04,0.7,0.005,102
20171123,서초,0.9,49.3,21,11,0.015,0.024,0.4,0.004,100
20171124,서초,-0.4,62.5,18,12,0.013,0.025,0.4,0.003,113
20171125,서초,3,77.6,25,15,0.003,0.045,0.7,0.003,105
20171126,서초,3.3,71.6,39,25,0.011,0.032,0.7,0.003,93
20171127,서초,2.5,53,45,29,0.004,0.049,0.8,0.004,93
20171128,서초,6.4,64.1,71,48,0.003,0.061,1.1,0.006,109
20171129,서초,3.2,48.3,55,27,0.014,0.028,0.5,0.004,97
20171130,서초,-2.4,26.8,21,10,0.024,0.018,0.4,0.003,99
20171201,서초,-2.2,49.4,21,13,0.013,0.035,0.5,0.004,106
20171202,서초,1.9,59.9,35,24,0.004,0.047,0.7,0.005,96
20171203,서초,4.9,83.1,48,36,0.002,0.048,0.9,0.004,103
20171204,서초,-1.2,48.1,38,27,0.019,0.021,0.5,0.004,93
20171205,서초,-4.2,40.1,19,10,0.019,0.02,0.4,0.004,103
20171206,서초,0.2,72.6,32,23,0.004,0.042,0.7,0.004,89
20171207,서초,0.7,64.5,42,33,0.011,0.035,0.7,0.004,91
20171208,서초,-3.8,41.3,28,20,0.016,0.024,0.5,0.004,92
20171209,서초,-0.5,46.1,36,24,0.003,0.051,0.8,0.004,86
20171210,서초,1.1,67.9,37,26,0.011,0.034,0.7,0.004,89
20171211,서초,-7,40.5,36,9,0.018,0.012,0.3,0.003,90
20171212,서초,-9.4,41.9,28,15,0.016,0.018,0.4,0.004,93
20171213,서초,-8.7,42,30,17,0.015,0.024,0.5,0.003,98
20171214,서초,-6.6,42.9,48,34,0.004,0.048,0.9,0.004,105
20171215,서초,-3,52.6,73,56,0.002,0.067,1.3,0.005,89
20171216,서초,-5.7,43.1,36,25,0.021,0.017,0.5,0.004,100
20171217,서초,-6.7,38.1,31,12,0.022,0.019,0.4,0.003,85
20171218,서초,-1.6,80,57,38,0.004,0.053,1.1,0.004,103
20171219,서초,-3.9,49.4,42,21,0.016,0.022,0.5,0.004,90
20171220,서초,-3.9,68,42,32,0.003,0.045,0.8,0.004,111
20171221,서초,-0.9,71.4,48,37,0.004,0.052,0.9,0.005,92
20171222,서초,3.4,66.6,55,41,0.003,0.063,1.1,0.007,95
20171223,서초,6.1,75.8,99,72,0.009,0.057,1,0.008,90
20171224,서초,2.9,82,69,54,0.017,0.042,0.9,0.005,144
20171225,서초,-2.1,43.1,23,14,0.022,0.02,0.4,0.005,149
20171226,서초,-3.8,41.8,22,12,0.018,0.024,0.4,0.004,103
20171227,서초,-6.9,31.4,23,13,0.015,0.025,0.5,0.004,103
20171228,서초,-2.1,47,35,23,0.005,0.043,0.7,0.004,94
20171229,서초,2.1,67,81,58,0.007,0.052,0.9,0.007,96
20171230,서초,1.4,79.5,112,87,0.003,0.056,1.1,0.005,105
20171231,서초,-0.3,54.4,53,34,0.022,0.022,0.6,0.004,95
20170101,삼성,2.7,75.9,40,26,0.014,0.057,0.7,0.006,96
20170102,삼성,5,77.8,33,21,0.014,0.047,0.5,0.004,90
20170103,삼성,2,61.8,46,33,0.023,0.034,0.5,0.005,97
20170104,삼성,3.9,55,46,31,0.018,0.044,0.6,0.005,97
20170105,삼성,3.8,52.3,28,17,0.023,0.032,0.4,0.004,97
20170106,삼성,5.4,58.5,33,21,0.034,0.017,0.4,0.004,90
20170107,삼성,4.6,64.9,36,28,0.008,0.049,0.6,0.004,98
20170108,삼성,6.5,61.4,47,30,0.01,0.052,0.6,0.004,102
20170109,삼성,1.5,60.8,40,20,0.033,0.016,0.3,0.003,101
20170110,삼성,-3.7,45.1,43,28,0.013,0.045,0.6,0.004,91
20170111,삼성,-3.8,36.4,29,16,0.029,0.021,0.3,0.004,92
20170112,삼성,-2.2,43.1,42,16,0.03,0.018,0.3,0.003,99
20170113,삼성,-6,47.4,71,53,0.008,0.07,1.2,0.007,92
20170114,삼성,-8.4,33.3,59,43,0.007,0.069,0.9,0.007,96
20170115,삼성,-6.6,35.3,47,32,0.022,0.036,0.4,0.005,100
20170116,삼성,-3.8,37.6,42,29,0.006,0.057,0.7,0.006,101
20170117,삼성,-2,46.6,29,19,0.021,0.03,0.4,0.004,93
20170118,삼성,-0.5,68.9,28,16,0.025,0.018,0.3,0.003,97
20170119,삼성,-1.2,55.4,32,18,0.027,0.015,0.3,0.003,88
20170120,삼성,-4.4,70.3,48,19,0.027,0.016,0.3,0.003,93
20170121,삼성,-5.2,78.1,51,31,0.009,0.044,0.7,0.005,95
20170122,삼성,-8.3,51.3,36,23,0.008,0.045,0.5,0.004,98
20170123,삼성,-8.9,48.4,38,27,0.03,0.02,0.4,0.004,94
20170124,삼성,-7,49.6,69,56,0.014,0.044,0.8,0.005,104
20170125,삼성,-5.2,50.6,90,69,0.004,0.07,1.1,0.005,96
20170126,삼성,-1.3,64.4,64,44,0.019,0.051,0.7,0.006,100
20170127,삼성,-2.6,47.3,30,17,0.017,0.036,0.5,0.004,88
20170128,삼성,-1.6,38,34,21,0.019,0.032,0.5,0.004,94
20170129,삼성,0.8,71.1,26,17,0.012,0.037,0.5,0.003,98
20170130,삼성,-4.8,61.4,46,33,0.029,0.015,0.4,0.004,96
20170131,삼성,-5.4,44.8,26,16,0.006,0.042,0.6,0.003,91
20170201,삼성,-4,44.5,31,13,0.011,0.038,0.5,0.003,101
20170202,삼성,-2.7,52.9,102,18,0.027,0.016,0.3,0.003,104
20170203,삼성,1.5,65.4,66,52,0.006,0.067,1,0.006,101
20170204,삼성,0.9,69.4,47,37,0.008,0.054,0.7,0.004,98
20170205,삼성,1.2,75.3,35,27,0.016,0.036,0.4,0.004,94
20170206,삼성,-1.7,51,46,37,0.021,0.025,0.4,0.004,92
20170207,삼성,-2,45.4,72,28,0.028,0.014,0.4,0.005,96
20170208,삼성,-2.2,50.1,49,38,0.007,0.049,0.6,0.004,103
20170209,삼성,-5.3,47,54,41,0.019,0.032,0.5,0.005,93
20170210,삼성,-6.6,44.3,96,73,0.006,0.058,0.9,0.006,99
20170211,삼성,-4.8,45.4,94,77,0.005,0.056,0.9,0.007,98
20170212,삼성,-2.2,51.3,72,51,0.002,0.069,1.1,0.006,110
20170213,삼성,0.1,59.6,44,26,0.005,0.048,0.6,0.004,97
20170214,삼성,0.3,46,26,14,0.018,0.021,0.3,0.003,94
20170215,삼성,1.8,52.1,44,12,0.025,0.011,0.3,0.003,97
20170216,삼성,5.5,63.9,28,13,0.024,0.018,0.3,0.003,99
20170217,삼성,0.8,56.9,28,17,0.018,0.028,0.4,0.004,106
20170218,삼성,-2.6,49.4,24,14,0.015,0.032,0.3,0.004,97
20170219,삼성,2.3,68,30,16,0.023,0.02,0.3,0.003,103
20170220,삼성,-1.5,53.8,55,46,0.028,0.021,0.6,0.005,105
20170221,삼성,-0.6,37.1,30,23,0.014,0.036,0.5,0.003,101
20170222,삼성,1.7,70.8,52,41,0.004,0.056,0.8,0.004,104
20170223,삼성,-1.5,56.4,18,14,0.012,0.04,0.5,0.003,108
20170224,삼성,-0.8,51.3,35,23,0.008,0.045,0.6,0.004,106
20170225,삼성,2.6,63.6,51,34,0.009,0.057,0.9,0.005,104
20170226,삼성,3.6,52.8,73,50,0.013,0.049,0.7,0.005,101
20170227,삼성,3.7,37.4,108,82,0.017,0.045,0.9,0.006,101
20170228,삼성,5.6,41.5,81,64,0.003,0.057,1,0.005,89
20170301,삼성,5,65,57,43,0.019,0.054,0.6,0.005,95
20170302,삼성,1.8,59.5,32,22,0.031,0.023,0.4,0.003,92
20170303,삼성,3.3,54.4,39,21,0.018,0.045,0.5,0.004,101
20170304,삼성,5.7,60,52,34,0.014,0.056,0.7,0.005,94
20170305,삼성,5.2,71.6,60,44,0.029,0.039,0.5,0.004,97
20170306,삼성,0.1,41.3,34,24,0.033,0.018,0.3,0.003,84
20170307,삼성,-1.3,37.5,31,19,0.035,0.016,0.3,0.003,101
20170308,삼성,-0.1,50.6,40,18,0.03,0.026,0.4,0.003,96
20170309,삼성,3.2,47.3,43,19,0.027,0.033,0.5,0.004,102
20170310,삼성,4.8,37.4,42,24,0.023,0.042,0.5,0.004,96
20170311,삼성,7.3,37.4,59,37,0.018,0.062,0.7,0.006,101
20170312,삼성,8.2,58.4,84,61,0.026,0.06,0.8,0.006,98
20170313,삼성,6.9,49.8,58,39,0.036,0.027,0.5,0.004,91
20170314,삼성,5.8,37.5,46,26,0.035,0.024,0.4,0.004,96
20170315,삼성,6.3,34.9,37,21,0.023,0.039,0.5,0.003,92
20170316,삼성,6.2,41.8,60,39,0.022,0.056,0.6,0.005,94
20170317,삼성,7.7,43.1,71,51,0.024,0.059,0.7,0.005,94
20170318,삼성,9.5,34.1,75,53,0.027,0.065,0.7,0.008,102
20170319,삼성,10.9,36,70,51,0.03,0.05,0.7,0.005,98
20170320,삼성,10.2,40.4,90,62,0.008,0.074,0.9,0.006,95
20170321,삼성,7.4,48.1,91,62,0.032,0.032,0.6,0.006,94
20170322,삼성,7.6,32.8,45,27,0.033,0.035,0.4,0.004,104
20170323,삼성,9.1,34,65,39,0.029,0.046,0.6,0.004,96
20170324,삼성,8.7,41.4,53,32,0.018,0.051,0.5,0.004,96
20170325,삼성,8.1,41.1,64,44,0.021,0.051,0.6,0.005,101
20170326,삼성,7.3,53.1,59,41,0.029,0.039,0.5,0.005,97
20170327,삼성,6.1,67.4,69,51,0.033,0.038,0.8,0.004,106
20170328,삼성,7.1,59.8,82,58,0.019,0.053,0.8,0.005,95
20170329,삼성,8.8,54.9,57,40,0.035,0.038,0.5,0.004,95
20170330,삼성,10.6,50,62,40,0.026,0.049,0.6,0.004,95
20170331,삼성,8.6,70.6,49,33,0.018,0.047,0.6,0.003,96
20170401,삼성,9,60.5,20,14,0.033,0.028,0.4,0.002,95
20170402,삼성,9,53.1,45,32,0.033,0.036,0.5,0.004,101
20170403,삼성,11.4,45.6,75,53,0.034,0.052,0.6,0.006,95
20170404,삼성,14.1,35.3,72,48,0.037,0.056,0.7,0.005,94
20170405,삼성,12,66,54,36,0.012,0.066,0.7,0.006,107
20170406,삼성,10.4,90,23,17,0.023,0.031,0.4,0.003,100
20170407,삼성,14.5,68.1,43,30,0.022,0.04,0.5,0.003,99
20170408,삼성,13,74.5,64,44,0.021,0.041,0.6,0.003,103
20170409,삼성,14.8,59.6,41,28,0.026,0.029,0.5,0.002,101
20170410,삼성,16.5,25.8,27,17,0.028,0.04,0.4,0.003,104
20170411,삼성,15.3,36.8,52,23,0.034,0.034,0.4,0.003,96
20170412,삼성,11.5,21.8,55,11,0.04,0.017,0.3,0.003,94
20170413,삼성,12.7,54,63,26,0.034,0.037,0.5,0.005,100
20170414,삼성,13,57.9,50,21,0.04,0.037,0.4,0.005,99
20170415,삼성,16.8,59.4,59,29,0.043,0.037,0.5,0.005,97
20170416,삼성,18.7,52.9,55,31,0.029,0.051,0.6,0.005,98
20170417,삼성,14.7,66.5,39,23,0.022,0.049,0.6,0.003,106
20170418,삼성,11.7,76.5,35,20,0.022,0.04,0.5,0.003,102
20170419,삼성,12.6,43.1,70,14,0.032,0.024,0.3,0.003,106
20170420,삼성,12.9,45.4,71,19,0.029,0.04,0.4,0.004,100
20170421,삼성,13.1,56.5,59,20,0.028,0.045,0.5,0.004,102
20170422,삼성,14.8,48.4,57,25,0.032,0.038,0.5,0.003,99
20170423,삼성,14.9,40,45,22,0.041,0.036,0.4,0.004,95
20170424,삼성,15.1,39.4,38,17,0.036,0.042,0.5,0.004,100
20170425,삼성,16,56.8,51,27,0.044,0.035,0.4,0.004,96
20170426,삼성,15.1,36,41,17,0.041,0.02,0.3,0.003,107
20170427,삼성,13.6,41.8,39,13,0.039,0.024,0.4,0.004,99
20170428,삼성,14.4,57.3,57,24,0.033,0.038,0.6,0.007,103
20170429,삼성,17.1,44.3,57,27,0.038,0.037,0.5,0.006,86
20170430,삼성,19.3,57.9,81,47,0.071,0.028,0.6,0.007,100
20170501,삼성,20.1,50.8,84,47,0.061,0.033,0.6,0.005,96
20170502,삼성,20.7,42,87,46,0.044,0.05,0.6,0.005,102
20170503,삼성,21.5,34.1,60,29,0.063,0.041,0.5,0.004,100
20170504,삼성,21,43.6,56,30,0.034,0.045,0.5,0.005,101
20170505,삼성,20.9,53.4,45,20,0.039,0.019,0.3,0.003,163
20170506,삼성,14.9,32,164,17,0.041,0.02,0.3,0.003,101
20170507,삼성,16.6,42.6,75,14,0.044,0.023,0.3,0.005,102
20170508,삼성,17.9,43.6,147,34,0.044,0.043,0.5,0.008,102
20170509,삼성,17.1,62.6,112,30,0.022,0.044,0.5,0.005,91
20170510,삼성,16.4,73,37,17,0.035,0.023,0.4,0.002,95
20170511,삼성,19.3,65.3,65,32,0.033,0.042,0.5,0.005,103
20170512,삼성,19.1,71.6,70,42,0.035,0.044,0.6,0.006,94
20170513,삼성,16.4,77.8,45,24,0.039,0.031,0.4,0.004,94
20170514,삼성,15.7,58.3,48,12,0.044,0.018,0.3,0.004,101
20170515,삼성,16,61.4,35,10,0.032,0.026,0.3,0.004,95
20170516,삼성,17.1,60.5,30,15,0.033,0.031,0.3,0.004,98
20170517,삼성,18.7,50,31,16,0.024,0.037,0.4,0.005,97
20170518,삼성,20.4,41.9,40,24,0.045,0.044,0.5,0.006,91
20170519,삼성,21.1,42.6,39,22,0.047,0.037,0.4,0.006,104
20170520,삼성,20.9,44,32,19,0.044,0.033,0.4,0.007,98
20170521,삼성,21.5,48.1,26,16,0.042,0.025,0.3,0.004,99
20170522,삼성,21.8,53.6,35,23,0.034,0.031,0.4,0.004,97
20170523,삼성,20,68,29,19,0.017,0.033,0.4,0.004,99
20170524,삼성,21.8,60.4,22,13,0.028,0.028,0.3,0.002,98
20170525,삼성,19.2,45.6,32,13,0.037,0.031,0.4,0.003,102
20170526,삼성,17.7,41.5,19,7,0.038,0.02,0.3,0.003,106
20170527,삼성,19.5,46.1,27,12,0.045,0.029,0.4,0.004,100
20170528,삼성,21.2,50.6,37,20,0.053,0.03,0.4,0.005,96
20170529,삼성,22.9,61.8,59,33,0.064,0.033,0.5,0.007,103
20170530,삼성,23.6,43.5,44,21,0.042,0.04,0.4,0.006,99
20170531,삼성,23.3,49.1,31,18,0.027,0.043,0.4,0.004,94
20170601,삼성,23.3,51.8,29,16,0.042,0.016,0.3,0.002,103
20170602,삼성,20.5,37.4,23,8,0.043,0.017,0.2,0.002,98
20170603,삼성,20.5,44,25,10,0.039,0.02,0.3,0.003,90
20170604,삼성,21.7,36.9,24,10,0.045,0.021,0.3,0.002,102
20170605,삼성,24.2,33.3,22,11,0.047,0.036,0.4,0.003,95
20170606,삼성,19.4,60,18,10,0.036,0.029,0.3,0.002,94
20170607,삼성,17.6,91.4,14,9,0.024,0.028,0.4,0.002,104
20170608,삼성,20.1,67.3,38,25,0.057,0.026,0.6,0.003,95
20170609,삼성,21.2,69.8,56,36,0.055,0.032,0.6,0.004,95
20170610,삼성,21.5,46.8,41,19,0.05,0.022,0.4,0.002,97
20170611,삼성,22.8,33.8,24,8,0.035,0.027,0.3,0.002,96
20170612,삼성,22.1,45.5,25,11,0.046,0.025,0.3,0.002,100
20170613,삼성,21.5,63,28,14,0.035,0.022,0.3,0.003,105
20170614,삼성,21.8,63,37,19,0.039,0.027,0.3,0.003,115
20170615,삼성,23.1,62.4,44,25,0.042,0.03,0.4,0.004,104
20170616,삼성,25.5,55.8,55,39,0.057,0.042,0.5,0.011,97
20170617,삼성,24.2,52.3,41,29,0.063,0.021,0.5,0.01,101
20170618,삼성,24.3,52,35,25,0.048,0.021,0.4,0.007,93
20170619,삼성,24.8,50.9,42,31,0.036,0.03,0.5,0.006,107
20170620,삼성,26,43.4,40,29,0.045,0.024,0.5,0.005,98
20170621,삼성,25.4,52.6,46,33,0.038,0.018,0.4,0.006,98
20170622,삼성,25.3,57.3,31,23,0.036,0.016,0.3,0.005,106
20170623,삼성,26.7,53,34,22,0.036,0.024,0.4,0.005,95
20170624,삼성,24.5,60.4,32,21,0.021,0.027,0.5,0.006,100
20170625,삼성,23.8,75.4,28,22,0.035,0.019,0.4,0.004,97
20170626,삼성,23.1,76.9,22,16,0.031,0.029,0.4,0.003,102
20170627,삼성,25.2,67.5,22,17,0.039,0.029,0.4,0.003,97
20170628,삼성,26,63.5,36,30,0.051,0.032,0.4,0.004,105
20170629,삼성,26.2,64.8,41,33,0.047,0.03,0.4,0.003,100
20170630,삼성,25.9,65.9,45,35,0.049,0.026,0.4,0.002,102
20170701,삼성,25.3,73.6,36,29,0.041,0.029,0.4,0.002,85
20170702,삼성,24.3,90.5,27,21,0.022,0.019,0.3,0.002,79
20170703,삼성,24.7,87.6,22,16,0.029,0.023,0.3,0.002,87
20170704,삼성,26.7,74.5,33,25,0.042,0.024,0.4,0.003,91
20170705,삼성,27.4,66.9,34,27,0.05,0.031,0.4,0.003,94
20170706,삼성,27.6,72.3,44,34,0.054,0.042,0.5,0.003,94
20170707,삼성,26.4,80.8,22,14,0.014,0.037,0.4,0.002,78
20170708,삼성,26,83.3,26,17,0.02,0.027,0.3,0.002,83
20170709,삼성,26.3,88,26,19,0.023,0.031,0.4,0.002,87
20170710,삼성,24,96.5,13,9,0.011,0.034,0.4,0.002,85
20170711,삼성,26,81.4,36,27,0.041,0.027,0.4,0.002,80
20170712,삼성,27.1,75.9,43,32,0.05,0.025,0.4,0.002,80
20170713,삼성,27.6,71,44,33,0.049,0.036,0.5,0.003,92
20170714,삼성,28.7,68.4,43,32,0.042,0.04,0.5,0.004,85
20170715,삼성,25,89,19,14,0.024,0.027,0.3,0.002,88
20170716,삼성,26.2,83.4,17,12,0.02,0.025,0.3,0.003,91
20170717,삼성,26.8,77.3,21,14,0.022,0.027,0.3,0.003,79
20170718,삼성,26.5,80.6,25,18,0.031,0.032,0.4,0.003,83
20170719,삼성,28.3,71.4,35,26,0.052,0.03,0.4,0.003,83
20170720,삼성,29.9,66.1,46,35,0.051,0.037,0.5,0.005,84
20170721,삼성,29.8,73.1,55,42,0.071,0.032,0.5,0.005,91
20170722,삼성,29.3,75.8,55,41,0.054,0.028,0.5,0.006,87
20170723,삼성,27,89.5,51,38,0.039,0.027,0.5,0.003,83
20170724,삼성,26.2,82.3,32,23,0.021,0.041,0.6,0.003,94
20170725,삼성,29.4,64.1,24,15,0.025,0.03,0.5,0.002,91
20170726,삼성,28.7,55.6,17,10,0.034,0.034,0.4,0.002,94
20170727,삼성,27.1,62.5,26,16,0.025,0.047,0.5,0.003,95
20170728,삼성,25.5,92.1,34,22,0.014,0.043,0.7,0.003,83
20170729,삼성,27.2,72.3,14,8,0.021,0.03,0.5,0.002,95
20170730,삼성,27.9,64.4,20,14,0.043,0.019,0.4,0.003,98
20170731,삼성,25.7,82.3,22,15,0.009,0.042,0.6,0.002,87
20170801,삼성,28.6,73,20,12,0.026,0.033,0.5,0.003,77
20170802,삼성,30,71.9,34,25,0.041,0.04,0.5,0.003,91
20170803,삼성,30.2,60.6,25,16,0.028,0.04,0.5,0.003,88
20170804,삼성,30.3,60.1,25,18,0.045,0.029,0.4,0.003,79
20170805,삼성,31.4,63,26,20,0.041,0.028,0.4,0.003,89
20170806,삼성,29.8,71.9,24,19,0.035,0.024,0.4,0.003,86
20170807,삼성,29.2,68.1,30,23,0.054,0.016,0.4,0.003,78
20170808,삼성,28.2,67.1,40,29,0.053,0.027,0.5,0.004,89
20170809,삼성,27.6,66.4,32,24,0.032,0.035,0.5,0.003,87
20170810,삼성,24.8,89.9,8,5,0.02,0.024,0.4,0.002,82
20170811,삼성,27,72.5,11,6,0.013,0.029,0.4,0.002,93
20170812,삼성,27.8,60.3,10,5,0.018,0.026,0.3,0.002,86
20170813,삼성,26.3,62.1,9,5,0.014,0.021,0.3,0.002,95
20170814,삼성,24.6,67.5,9,5,0.007,0.021,0.3,0.002,84
20170815,삼성,21.9,93.8,6,4,0.005,0.02,0.3,0.002,86
20170816,삼성,23.3,80.5,9,4,0.009,0.021,0.4,0.002,77
20170817,삼성,24.8,77.1,11,8,0.011,0.031,0.4,0.002,85
20170818,삼성,26.3,75.6,25,19,0.018,0.043,0.5,0.004,78
20170819,삼성,26.1,75.8,23,16,0.021,0.035,0.5,0.003,86
20170820,삼성,23.2,95.6,11,7,0.013,0.027,0.4,0.002,83
20170821,삼성,25.8,81.5,13,9,0.015,0.027,0.4,0.003,87
20170822,삼성,27.3,70.6,15,10,0.019,0.03,0.4,0.005,90
20170823,삼성,27.2,84.1,23,12,0.005,0.027,0.5,0.004,90
20170824,삼성,26.5,85.3,24,10,0.013,0.024,0.4,0.003,96
20170825,삼성,25.3,61.9,24,13,0.024,0.035,0.6,0.004,90
20170826,삼성,24.2,54.5,21,10,0.032,0.024,0.4,0.004,91
20170827,삼성,22.7,62,21,12,0.017,0.034,0.4,0.003,83
20170828,삼성,21.5,73.1,25,16,0.015,0.041,0.5,0.003,89
20170829,삼성,19.5,51.4,15,7,0.031,0.012,0.3,0.002,87
20170830,삼성,19.8,55.8,21,10,0.016,0.034,0.4,0.004,89
20170831,삼성,22.2,62.4,34,21,0.029,0.033,0.6,0.003,96
20170901,삼성,23.3,56,22,12,0.027,0.025,0.4,0.003,104
20170902,삼성,23.8,59,23,14,0.032,0.029,0.4,0.004,105
20170903,삼성,23.7,64,28,19,0.043,0.027,0.5,0.004,100
20170904,삼성,24.6,53.8,28,19,0.03,0.041,0.5,0.003,93
20170905,삼성,21.9,62.4,23,13,0.008,0.046,0.5,0.003,100
20170906,삼성,20.6,75.5,24,15,0.016,0.041,0.5,0.003,101
20170907,삼성,22.4,73.3,35,27,0.037,0.029,0.6,0.004,96
20170908,삼성,24.3,67.5,58,41,0.034,0.035,0.7,0.005,98
20170909,삼성,23.8,70.1,60,46,0.037,0.039,0.7,0.004,103
20170910,삼성,23,74.3,46,35,0.022,0.045,0.7,0.003,106
20170911,삼성,21.2,79.8,21,17,0.03,0.028,0.5,0.003,101
20170912,삼성,22.1,58.6,21,12,0.025,0.031,0.5,0.004,102
20170913,삼성,21.4,49.3,21,10,0.024,0.035,0.4,0.004,94
20170914,삼성,22.4,48.8,24,12,0.024,0.035,0.5,0.003,107
20170915,삼성,22.6,48.4,15,8,0.021,0.029,0.4,0.002,99
20170916,삼성,22,50.9,9,5,0.022,0.022,0.3,0.002,96
20170917,삼성,23.1,51.3,8,4,0.026,0.015,0.3,0.002,89
20170918,삼성,21.9,62.8,18,9,0.026,0.028,0.4,0.003,109
20170919,삼성,22.6,79.1,59,39,0.044,0.033,0.7,0.004,106
20170920,삼성,19.5,48.9,20,8,0.029,0.022,0.3,0.003,93
20170921,삼성,20.3,57.3,28,16,0.023,0.046,0.5,0.003,107
20170922,삼성,20.6,60.8,30,20,0.031,0.047,0.5,0.004,98
20170923,삼성,21.8,69.8,52,27,0.025,0.047,0.6,0.005,100
20170924,삼성,22.4,71.5,62,38,0.038,0.031,0.6,0.004,102
20170925,삼성,23.4,58,43,27,0.025,0.049,0.6,0.003,96
20170926,삼성,25.1,57,45,27,0.029,0.049,0.6,0.003,100
20170927,삼성,22.7,66.4,41,26,0.024,0.037,0.5,0.003,97
20170928,삼성,19.2,49.1,20,8,0.029,0.019,0.4,0.003,108
20170929,삼성,17.4,39.3,20,9,0.023,0.03,0.4,0.004,103
20170930,삼성,20,64.9,33,19,0.024,0.041,0.5,0.005,107
20171001,삼성,18.2,74.8,35,23,0.015,0.04,0.6,0.003,94
20171002,삼성,22,62.3,18,10,0.033,0.018,0.3,0.003,97
20171003,삼성,17.6,49.8,33,12,0.026,0.015,0.4,0.003,91
20171004,삼성,16.7,48.5,20,9,0.024,0.017,0.3,0.002,100
20171005,삼성,18.7,56.4,15,8,0.021,0.022,0.3,0.003,98
20171006,삼성,18.9,66.4,12,7,0.022,0.019,0.3,0.002,100
20171007,삼성,21.9,67.6,9,6,0.022,0.026,0.4,0.002,100
20171008,삼성,23,66.9,19,13,0.024,0.029,0.5,0.004,97
20171009,삼성,22.5,66,24,17,0.029,0.029,0.4,0.005,93
20171010,삼성,21.4,76.9,29,19,0.011,0.038,0.5,0.003,92
20171011,삼성,15.5,77.1,11,6,0.022,0.015,0.3,0.002,95
20171012,삼성,11.4,71,20,12,0.012,0.025,0.4,0.002,93
20171013,삼성,12.8,51,25,15,0.017,0.03,0.4,0.003,95
20171014,삼성,14.4,42.8,20,11,0.026,0.025,0.4,0.003,101
20171015,삼성,15.8,42.5,21,12,0.022,0.03,0.4,0.003,96
20171016,삼성,16.6,47.6,28,16,0.018,0.033,0.5,0.003,93
20171017,삼성,16.2,47.1,36,22,0.016,0.045,0.6,0.003,95
20171018,삼성,16.5,58.8,25,16,0.015,0.038,0.5,0.003,101
20171019,삼성,17,58.3,18,11,0.019,0.033,0.4,0.002,105
20171020,삼성,17,58.6,31,18,0.015,0.044,0.5,0.003,103
20171021,삼성,17.6,52.8,36,23,0.017,0.043,0.6,0.003,97
20171022,삼성,16.3,50.4,25,15,0.024,0.026,0.4,0.002,101
20171023,삼성,13.7,47,21,10,0.027,0.026,0.4,0.002,95
20171024,삼성,14.4,54.3,30,16,0.016,0.041,0.5,0.003,99
20171025,삼성,14.4,59,38,22,0.021,0.042,0.6,0.003,102
20171026,삼성,14.5,56.5,46,29,0.015,0.05,0.7,0.003,99
20171027,삼성,16.9,54.4,59,37,0.02,0.055,0.8,0.003,97
20171028,삼성,17.2,51.9,44,28,0.023,0.046,0.7,0.003,98
20171029,삼성,11.5,45.6,57,22,0.026,0.024,0.5,0.003,93
20171030,삼성,7.7,27.4,32,14,0.023,0.023,0.4,0.003,109
20171031,삼성,10.4,54.3,31,15,0.011,0.044,0.6,0.004,95
20171101,삼성,14.4,72.4,37,20,0.021,0.041,0.5,0.005,100
20171102,삼성,15.5,78.8,47,28,0.022,0.044,0.5,0.005,95
20171103,삼성,12.3,66,38,26,0.029,0.027,0.4,0.003,97
20171104,삼성,7.8,47.9,53,41,0.022,0.026,0.5,0.003,94
20171105,삼성,8.4,52.5,42,30,0.013,0.041,0.6,0.004,111
20171106,삼성,11.4,64.5,34,23,0.009,0.053,0.7,0.004,90
20171107,삼성,14.4,61.4,43,28,0.004,0.064,0.7,0.004,103
20171108,삼성,13.1,53.3,57,29,0.032,0.026,0.5,0.004,105
20171109,삼성,9.4,39.6,48,26,0.008,0.052,0.7,0.004,96
20171110,삼성,9.8,56.3,44,23,0.013,0.044,0.7,0.004,101
20171111,삼성,5.9,42.9,59,12,0.019,0.021,0.4,0.003,100
20171112,삼성,5.3,57.1,29,18,0.011,0.036,0.5,0.003,107
20171113,삼성,8.4,64.4,39,25,0.005,0.051,0.7,0.004,93
20171114,삼성,7.5,42.5,42,18,0.019,0.026,0.5,0.004,104
20171115,삼성,3.2,38.3,23,11,0.021,0.021,0.4,0.004,95
20171116,삼성,1,30.3,23,13,0.015,0.03,0.5,0.003,98
20171117,삼성,3,39.4,39,24,0.003,0.048,0.7,0.004,101
20171118,삼성,-2.1,38.5,37,21,0.024,0.012,0.4,0.003,108
20171119,삼성,-1.6,37.8,23,12,0.021,0.018,0.4,0.003,99
20171120,삼성,-0.4,55.3,35,21,0.01,0.036,0.6,0.004,103
20171121,삼성,1.3,55.6,47,31,0.004,0.049,0.8,0.004,100
20171122,삼성,4.3,54.8,63,34,0.011,0.04,0.7,0.005,103
20171123,삼성,0.9,49.3,21,11,0.015,0.024,0.4,0.004,96
20171124,삼성,-0.4,62.5,18,12,0.013,0.025,0.4,0.003,95
20171125,삼성,3,77.6,25,15,0.003,0.045,0.7,0.003,101
20171126,삼성,3.3,71.6,39,25,0.011,0.032,0.7,0.003,96
20171127,삼성,2.5,53,45,29,0.004,0.049,0.8,0.004,96
20171128,삼성,6.4,64.1,71,48,0.003,0.061,1.1,0.006,108
20171129,삼성,3.2,48.3,55,27,0.014,0.028,0.5,0.004,110
20171130,삼성,-2.4,26.8,21,10,0.024,0.018,0.4,0.003,100
20171201,삼성,-2.2,49.4,21,13,0.013,0.035,0.5,0.004,105
20171202,삼성,1.9,59.9,35,24,0.004,0.047,0.7,0.005,92
20171203,삼성,4.9,83.1,48,36,0.002,0.048,0.9,0.004,97
20171204,삼성,-1.2,48.1,38,27,0.019,0.021,0.5,0.004,99
20171205,삼성,-4.2,40.1,19,10,0.019,0.02,0.4,0.004,88
20171206,삼성,0.2,72.6,32,23,0.004,0.042,0.7,0.004,94
20171207,삼성,0.7,64.5,42,33,0.011,0.035,0.7,0.004,97
20171208,삼성,-3.8,41.3,28,20,0.016,0.024,0.5,0.004,94
20171209,삼성,-0.5,46.1,36,24,0.003,0.051,0.8,0.004,103
20171210,삼성,1.1,67.9,37,26,0.011,0.034,0.7,0.004,96
20171211,삼성,-7,40.5,36,9,0.018,0.012,0.3,0.003,106
20171212,삼성,-9.4,41.9,28,15,0.016,0.018,0.4,0.004,91
20171213,삼성,-8.7,42,30,17,0.015,0.024,0.5,0.003,96
20171214,삼성,-6.6,42.9,48,34,0.004,0.048,0.9,0.004,98
20171215,삼성,-3,52.6,73,56,0.002,0.067,1.3,0.005,96
20171216,삼성,-5.7,43.1,36,25,0.021,0.017,0.5,0.004,97
20171217,삼성,-6.7,38.1,31,12,0.022,0.019,0.4,0.003,94
20171218,삼성,-1.6,80,57,38,0.004,0.053,1.1,0.004,101
20171219,삼성,-3.9,49.4,42,21,0.016,0.022,0.5,0.004,101
20171220,삼성,-3.9,68,42,32,0.003,0.045,0.8,0.004,101
20171221,삼성,-0.9,71.4,48,37,0.004,0.052,0.9,0.005,103
20171222,삼성,3.4,66.6,55,41,0.003,0.063,1.1,0.007,84
20171223,삼성,6.1,75.8,99,72,0.009,0.057,1,0.008,100
20171224,삼성,2.9,82,69,54,0.017,0.042,0.9,0.005,154
20171225,삼성,-2.1,43.1,23,14,0.022,0.02,0.4,0.005,155
20171226,삼성,-3.8,41.8,22,12,0.018,0.024,0.4,0.004,96
20171227,삼성,-6.9,31.4,23,13,0.015,0.025,0.5,0.004,90
20171228,삼성,-2.1,47,35,23,0.005,0.043,0.7,0.004,102
20171229,삼성,2.1,67,81,58,0.007,0.052,0.9,0.007,107
20171230,삼성,1.4,79.5,112,87,0.003,0.056,1.1,0.005,91
20171231,삼성,-0.3,54.4,53,34,0.022,0.022,0.6,0.004,89
20170101,잠실,2.7,75.9,40,26,0.014,0.057,0.7,0.006,127
20170102,잠실,5,77.8,33,21,0.014,0.047,0.5,0.004,131
20170103,잠실,2,61.8,46,33,0.023,0.034,0.5,0.005,121
20170104,잠실,3.9,55,46,31,0.018,0.044,0.6,0.005,140
20170105,잠실,3.8,52.3,28,17,0.023,0.032,0.4,0.004,113
20170106,잠실,5.4,58.5,33,21,0.034,0.017,0.4,0.004,131
20170107,잠실,4.6,64.9,36,28,0.008,0.049,0.6,0.004,132
20170108,잠실,6.5,61.4,47,30,0.01,0.052,0.6,0.004,123
20170109,잠실,1.5,60.8,40,20,0.033,0.016,0.3,0.003,125
20170110,잠실,-3.7,45.1,43,28,0.013,0.045,0.6,0.004,130
20170111,잠실,-3.8,36.4,29,16,0.029,0.021,0.3,0.004,129
20170112,잠실,-2.2,43.1,42,16,0.03,0.018,0.3,0.003,124
20170113,잠실,-6,47.4,71,53,0.008,0.07,1.2,0.007,129
20170114,잠실,-8.4,33.3,59,43,0.007,0.069,0.9,0.007,135
20170115,잠실,-6.6,35.3,47,32,0.022,0.036,0.4,0.005,130
20170116,잠실,-3.8,37.6,42,29,0.006,0.057,0.7,0.006,137
20170117,잠실,-2,46.6,29,19,0.021,0.03,0.4,0.004,127
20170118,잠실,-0.5,68.9,28,16,0.025,0.018,0.3,0.003,135
20170119,잠실,-1.2,55.4,32,18,0.027,0.015,0.3,0.003,128
20170120,잠실,-4.4,70.3,48,19,0.027,0.016,0.3,0.003,120
20170121,잠실,-5.2,78.1,51,31,0.009,0.044,0.7,0.005,129
20170122,잠실,-8.3,51.3,36,23,0.008,0.045,0.5,0.004,129
20170123,잠실,-8.9,48.4,38,27,0.03,0.02,0.4,0.004,130
20170124,잠실,-7,49.6,69,56,0.014,0.044,0.8,0.005,133
20170125,잠실,-5.2,50.6,90,69,0.004,0.07,1.1,0.005,130
20170126,잠실,-1.3,64.4,64,44,0.019,0.051,0.7,0.006,134
20170127,잠실,-2.6,47.3,30,17,0.017,0.036,0.5,0.004,130
20170128,잠실,-1.6,38,34,21,0.019,0.032,0.5,0.004,132
20170129,잠실,0.8,71.1,26,17,0.012,0.037,0.5,0.003,131
20170130,잠실,-4.8,61.4,46,33,0.029,0.015,0.4,0.004,119
20170131,잠실,-5.4,44.8,26,16,0.006,0.042,0.6,0.003,134
20170201,잠실,-4,44.5,31,13,0.011,0.038,0.5,0.003,130
20170202,잠실,-2.7,52.9,102,18,0.027,0.016,0.3,0.003,124
20170203,잠실,1.5,65.4,66,52,0.006,0.067,1,0.006,125
20170204,잠실,0.9,69.4,47,37,0.008,0.054,0.7,0.004,129
20170205,잠실,1.2,75.3,35,27,0.016,0.036,0.4,0.004,138
20170206,잠실,-1.7,51,46,37,0.021,0.025,0.4,0.004,141
20170207,잠실,-2,45.4,72,28,0.028,0.014,0.4,0.005,126
20170208,잠실,-2.2,50.1,49,38,0.007,0.049,0.6,0.004,132
20170209,잠실,-5.3,47,54,41,0.019,0.032,0.5,0.005,142
20170210,잠실,-6.6,44.3,96,73,0.006,0.058,0.9,0.006,136
20170211,잠실,-4.8,45.4,94,77,0.005,0.056,0.9,0.007,117
20170212,잠실,-2.2,51.3,72,51,0.002,0.069,1.1,0.006,135
20170213,잠실,0.1,59.6,44,26,0.005,0.048,0.6,0.004,135
20170214,잠실,0.3,46,26,14,0.018,0.021,0.3,0.003,139
20170215,잠실,1.8,52.1,44,12,0.025,0.011,0.3,0.003,145
20170216,잠실,5.5,63.9,28,13,0.024,0.018,0.3,0.003,131
20170217,잠실,0.8,56.9,28,17,0.018,0.028,0.4,0.004,139
20170218,잠실,-2.6,49.4,24,14,0.015,0.032,0.3,0.004,139
20170219,잠실,2.3,68,30,16,0.023,0.02,0.3,0.003,144
20170220,잠실,-1.5,53.8,55,46,0.028,0.021,0.6,0.005,133
20170221,잠실,-0.6,37.1,30,23,0.014,0.036,0.5,0.003,140
20170222,잠실,1.7,70.8,52,41,0.004,0.056,0.8,0.004,123
20170223,잠실,-1.5,56.4,18,14,0.012,0.04,0.5,0.003,138
20170224,잠실,-0.8,51.3,35,23,0.008,0.045,0.6,0.004,134
20170225,잠실,2.6,63.6,51,34,0.009,0.057,0.9,0.005,139
20170226,잠실,3.6,52.8,73,50,0.013,0.049,0.7,0.005,138
20170227,잠실,3.7,37.4,108,82,0.017,0.045,0.9,0.006,129
20170228,잠실,5.6,41.5,81,64,0.003,0.057,1,0.005,129
20170301,잠실,5,65,57,43,0.019,0.054,0.6,0.005,74.1
20170302,잠실,1.8,59.5,32,22,0.031,0.023,0.4,0.003,106.4
20170303,잠실,3.3,54.4,39,21,0.018,0.045,0.5,0.004,100.7
20170304,잠실,5.7,60,52,34,0.014,0.056,0.7,0.005,78.8
20170305,잠실,5.2,71.6,60,44,0.029,0.039,0.5,0.004,83.8
20170306,잠실,0.1,41.3,34,24,0.033,0.018,0.3,0.003,106.8
20170307,잠실,-1.3,37.5,31,19,0.035,0.016,0.3,0.003,98.3
20170308,잠실,-0.1,50.6,40,18,0.03,0.026,0.4,0.003,115.6
20170309,잠실,3.2,47.3,43,19,0.027,0.033,0.5,0.004,111.3
20170310,잠실,4.8,37.4,42,24,0.023,0.042,0.5,0.004,93.8
20170311,잠실,7.3,37.4,59,37,0.018,0.062,0.7,0.006,88.9
20170312,잠실,8.2,58.4,84,61,0.026,0.06,0.8,0.006,134
20170313,잠실,6.9,49.8,58,39,0.036,0.027,0.5,0.004,89.3
20170314,잠실,5.8,37.5,46,26,0.035,0.024,0.4,0.004,82.2
20170315,잠실,6.3,34.9,37,21,0.023,0.039,0.5,0.003,94.7
20170316,잠실,6.2,41.8,60,39,0.022,0.056,0.6,0.005,81.3
20170317,잠실,7.7,43.1,71,51,0.024,0.059,0.7,0.005,61.7
20170318,잠실,9.5,34.1,75,53,0.027,0.065,0.7,0.008,68.1
20170319,잠실,10.9,36,70,51,0.03,0.05,0.7,0.005,67.7
20170320,잠실,10.2,40.4,90,62,0.008,0.074,0.9,0.006,126
20170321,잠실,7.4,48.1,91,62,0.032,0.032,0.6,0.006,129
20170322,잠실,7.6,32.8,45,27,0.033,0.035,0.4,0.004,92.9
20170323,잠실,9.1,34,65,39,0.029,0.046,0.6,0.004,75.3
20170324,잠실,8.7,41.4,53,32,0.018,0.051,0.5,0.004,94.4
20170325,잠실,8.1,41.1,64,44,0.021,0.051,0.6,0.005,69.8
20170326,잠실,7.3,53.1,59,41,0.029,0.039,0.5,0.005,85.7
20170327,잠실,6.1,67.4,69,51,0.033,0.038,0.8,0.004,70.7
20170328,잠실,7.1,59.8,82,58,0.019,0.053,0.8,0.005,134
20170329,잠실,8.8,54.9,57,40,0.035,0.038,0.5,0.004,70
20170330,잠실,10.6,50,62,40,0.026,0.049,0.6,0.004,81
20170331,잠실,8.6,70.6,49,33,0.018,0.047,0.6,0.003,80.1
20170401,잠실,9,60.5,20,14,0.033,0.028,0.4,0.002,127.8
20170402,잠실,9,53.1,45,32,0.033,0.036,0.5,0.004,82.4
20170403,잠실,11.4,45.6,75,53,0.034,0.052,0.6,0.006,61.1
20170404,잠실,14.1,35.3,72,48,0.037,0.056,0.7,0.005,66.6
20170405,잠실,12,66,54,36,0.012,0.066,0.7,0.006,94.2
20170406,잠실,10.4,90,23,17,0.023,0.031,0.4,0.003,98.9
20170407,잠실,14.5,68.1,43,30,0.022,0.04,0.5,0.003,84
20170408,잠실,13,74.5,64,44,0.021,0.041,0.6,0.003,70.8
20170409,잠실,14.8,59.6,41,28,0.026,0.029,0.5,0.002,102.6
20170410,잠실,16.5,25.8,27,17,0.028,0.04,0.4,0.003,114.9
20170411,잠실,15.3,36.8,52,23,0.034,0.034,0.4,0.003,99.1
20170412,잠실,11.5,21.8,55,11,0.04,0.017,0.3,0.003,132.7
20170413,잠실,12.7,54,63,26,0.034,0.037,0.5,0.005,104.2
20170414,잠실,13,57.9,50,21,0.04,0.037,0.4,0.005,108.7
20170415,잠실,16.8,59.4,59,29,0.043,0.037,0.5,0.005,97.3
20170416,잠실,18.7,52.9,55,31,0.029,0.051,0.6,0.005,97.7
20170417,잠실,14.7,66.5,39,23,0.022,0.049,0.6,0.003,115.1
20170418,잠실,11.7,76.5,35,20,0.022,0.04,0.5,0.003,107
20170419,잠실,12.6,43.1,70,14,0.032,0.024,0.3,0.003,113.8
20170420,잠실,12.9,45.4,71,19,0.029,0.04,0.4,0.004,99.3
20170421,잠실,13.1,56.5,59,20,0.028,0.045,0.5,0.004,97
20170422,잠실,14.8,48.4,57,25,0.032,0.038,0.5,0.003,109.5
20170423,잠실,14.9,40,45,22,0.041,0.036,0.4,0.004,116.4
20170424,잠실,15.1,39.4,38,17,0.036,0.042,0.5,0.004,111.9
20170425,잠실,16,56.8,51,27,0.044,0.035,0.4,0.004,87.9
20170426,잠실,15.1,36,41,17,0.041,0.02,0.3,0.003,115.9
20170427,잠실,13.6,41.8,39,13,0.039,0.024,0.4,0.004,122.1
20170428,잠실,14.4,57.3,57,24,0.033,0.038,0.6,0.007,114.8
20170429,잠실,17.1,44.3,57,27,0.038,0.037,0.5,0.006,107.9
20170430,잠실,19.3,57.9,81,47,0.071,0.028,0.6,0.007,137
20170501,잠실,20.1,50.8,84,47,0.061,0.033,0.6,0.005,126
20170502,잠실,20.7,42,87,46,0.044,0.05,0.6,0.005,139
20170503,잠실,21.5,34.1,60,29,0.063,0.041,0.5,0.004,90.3
20170504,잠실,21,43.6,56,30,0.034,0.045,0.5,0.005,99
20170505,잠실,20.9,53.4,45,20,0.039,0.019,0.3,0.003,180
20170506,잠실,14.9,32,164,17,0.041,0.02,0.3,0.003,131
20170507,잠실,16.6,42.6,75,14,0.044,0.023,0.3,0.005,117.8
20170508,잠실,17.9,43.6,147,34,0.044,0.043,0.5,0.008,132
20170509,잠실,17.1,62.6,112,30,0.022,0.044,0.5,0.005,136
20170510,잠실,16.4,73,37,17,0.035,0.023,0.4,0.002,103.9
20170511,잠실,19.3,65.3,65,32,0.033,0.042,0.5,0.005,88.4
20170512,잠실,19.1,71.6,70,42,0.035,0.044,0.6,0.006,74.4
20170513,잠실,16.4,77.8,45,24,0.039,0.031,0.4,0.004,85.8
20170514,잠실,15.7,58.3,48,12,0.044,0.018,0.3,0.004,124.4
20170515,잠실,16,61.4,35,10,0.032,0.026,0.3,0.004,121
20170516,잠실,17.1,60.5,30,15,0.033,0.031,0.3,0.004,114.5
20170517,잠실,18.7,50,31,16,0.024,0.037,0.4,0.005,111.2
20170518,잠실,20.4,41.9,40,24,0.045,0.044,0.5,0.006,97.8
20170519,잠실,21.1,42.6,39,22,0.047,0.037,0.4,0.006,110.4
20170520,잠실,20.9,44,32,19,0.044,0.033,0.4,0.007,107.3
20170521,잠실,21.5,48.1,26,16,0.042,0.025,0.3,0.004,114.2
20170522,잠실,21.8,53.6,35,23,0.034,0.031,0.4,0.004,97.1
20170523,잠실,20,68,29,19,0.017,0.033,0.4,0.004,104.3
20170524,잠실,21.8,60.4,22,13,0.028,0.028,0.3,0.002,112.1
20170525,잠실,19.2,45.6,32,13,0.037,0.031,0.4,0.003,116.1
20170526,잠실,17.7,41.5,19,7,0.038,0.02,0.3,0.003,119.9
20170527,잠실,19.5,46.1,27,12,0.045,0.029,0.4,0.004,106.4
20170528,잠실,21.2,50.6,37,20,0.053,0.03,0.4,0.005,93
20170529,잠실,22.9,61.8,59,33,0.064,0.033,0.5,0.007,87.1
20170530,잠실,23.6,43.5,44,21,0.042,0.04,0.4,0.006,96.7
20170531,잠실,23.3,49.1,31,18,0.027,0.043,0.4,0.004,104.6
20170601,잠실,23.3,51.8,29,16,0.042,0.016,0.3,0.002,130
20170602,잠실,20.5,37.4,23,8,0.043,0.017,0.2,0.002,130
20170603,잠실,20.5,44,25,10,0.039,0.02,0.3,0.003,118
20170604,잠실,21.7,36.9,24,10,0.045,0.021,0.3,0.002,139
20170605,잠실,24.2,33.3,22,11,0.047,0.036,0.4,0.003,132
20170606,잠실,19.4,60,18,10,0.036,0.029,0.3,0.002,136
20170607,잠실,17.6,91.4,14,9,0.024,0.028,0.4,0.002,138
20170608,잠실,20.1,67.3,38,25,0.057,0.026,0.6,0.003,128
20170609,잠실,21.2,69.8,56,36,0.055,0.032,0.6,0.004,134
20170610,잠실,21.5,46.8,41,19,0.05,0.022,0.4,0.002,135
20170611,잠실,22.8,33.8,24,8,0.035,0.027,0.3,0.002,127
20170612,잠실,22.1,45.5,25,11,0.046,0.025,0.3,0.002,126
20170613,잠실,21.5,63,28,14,0.035,0.022,0.3,0.003,128
20170614,잠실,21.8,63,37,19,0.039,0.027,0.3,0.003,122
20170615,잠실,23.1,62.4,44,25,0.042,0.03,0.4,0.004,134
20170616,잠실,25.5,55.8,55,39,0.057,0.042,0.5,0.011,125
20170617,잠실,24.2,52.3,41,29,0.063,0.021,0.5,0.01,126
20170618,잠실,24.3,52,35,25,0.048,0.021,0.4,0.007,134
20170619,잠실,24.8,50.9,42,31,0.036,0.03,0.5,0.006,131
20170620,잠실,26,43.4,40,29,0.045,0.024,0.5,0.005,121
20170621,잠실,25.4,52.6,46,33,0.038,0.018,0.4,0.006,135
20170622,잠실,25.3,57.3,31,23,0.036,0.016,0.3,0.005,129
20170623,잠실,26.7,53,34,22,0.036,0.024,0.4,0.005,114
20170624,잠실,24.5,60.4,32,21,0.021,0.027,0.5,0.006,141
20170625,잠실,23.8,75.4,28,22,0.035,0.019,0.4,0.004,132
20170626,잠실,23.1,76.9,22,16,0.031,0.029,0.4,0.003,134
20170627,잠실,25.2,67.5,22,17,0.039,0.029,0.4,0.003,140
20170628,잠실,26,63.5,36,30,0.051,0.032,0.4,0.004,132
20170629,잠실,26.2,64.8,41,33,0.047,0.03,0.4,0.003,134
20170630,잠실,25.9,65.9,45,35,0.049,0.026,0.4,0.002,128
20170701,잠실,25.3,73.6,36,29,0.041,0.029,0.4,0.002,74.8
20170702,잠실,24.3,90.5,27,21,0.022,0.019,0.3,0.002,80.6
20170703,잠실,24.7,87.6,22,16,0.029,0.023,0.3,0.002,99.6
20170704,잠실,26.7,74.5,33,25,0.042,0.024,0.4,0.003,77.4
20170705,잠실,27.4,66.9,34,27,0.05,0.031,0.4,0.003,74.2
20170706,잠실,27.6,72.3,44,34,0.054,0.042,0.5,0.003,67.2
20170707,잠실,26.4,80.8,22,14,0.014,0.037,0.4,0.002,95.6
20170708,잠실,26,83.3,26,17,0.02,0.027,0.3,0.002,85.8
20170709,잠실,26.3,88,26,19,0.023,0.031,0.4,0.002,79.8
20170710,잠실,24,96.5,13,9,0.011,0.034,0.4,0.002,106.4
20170711,잠실,26,81.4,36,27,0.041,0.027,0.4,0.002,69.8
20170712,잠실,27.1,75.9,43,32,0.05,0.025,0.4,0.002,64.4
20170713,잠실,27.6,71,44,33,0.049,0.036,0.5,0.003,63.2
20170714,잠실,28.7,68.4,43,32,0.042,0.04,0.5,0.004,68.4
20170715,잠실,25,89,19,14,0.024,0.027,0.3,0.002,95.2
20170716,잠실,26.2,83.4,17,12,0.02,0.025,0.3,0.003,95.6
20170717,잠실,26.8,77.3,21,14,0.022,0.027,0.3,0.003,96.8
20170718,잠실,26.5,80.6,25,18,0.031,0.032,0.4,0.003,86
20170719,잠실,28.3,71.4,35,26,0.052,0.03,0.4,0.003,81
20170720,잠실,29.9,66.1,46,35,0.051,0.037,0.5,0.005,49.8
20170721,잠실,29.8,73.1,55,42,0.071,0.032,0.5,0.005,54
20170722,잠실,29.3,75.8,55,41,0.054,0.028,0.5,0.006,51
20170723,잠실,27,89.5,51,38,0.039,0.027,0.5,0.003,58.8
20170724,잠실,26.2,82.3,32,23,0.021,0.041,0.6,0.003,76.6
20170725,잠실,29.4,64.1,24,15,0.025,0.03,0.5,0.002,86.2
20170726,잠실,28.7,55.6,17,10,0.034,0.034,0.4,0.002,92.6
20170727,잠실,27.1,62.5,26,16,0.025,0.047,0.5,0.003,84.8
20170728,잠실,25.5,92.1,34,22,0.014,0.043,0.7,0.003,79.2
20170729,잠실,27.2,72.3,14,8,0.021,0.03,0.5,0.002,103.2
20170730,잠실,27.9,64.4,20,14,0.043,0.019,0.4,0.003,77
20170731,잠실,25.7,82.3,22,15,0.009,0.042,0.6,0.002,94.6
20170801,잠실,28.6,73,20,12,0.026,0.033,0.5,0.003,104
20170802,잠실,30,71.9,34,25,0.041,0.04,0.5,0.003,83.2
20170803,잠실,30.2,60.6,25,16,0.028,0.04,0.5,0.003,86
20170804,잠실,30.3,60.1,25,18,0.045,0.029,0.4,0.003,88
20170805,잠실,31.4,63,26,20,0.041,0.028,0.4,0.003,83.8
20170806,잠실,29.8,71.9,24,19,0.035,0.024,0.4,0.003,84.2
20170807,잠실,29.2,68.1,30,23,0.054,0.016,0.4,0.003,83
20170808,잠실,28.2,67.1,40,29,0.053,0.027,0.5,0.004,65
20170809,잠실,27.6,66.4,32,24,0.032,0.035,0.5,0.003,87.6
20170810,잠실,24.8,89.9,8,5,0.02,0.024,0.4,0.002,104.4
20170811,잠실,27,72.5,11,6,0.013,0.029,0.4,0.002,103.8
20170812,잠실,27.8,60.3,10,5,0.018,0.026,0.3,0.002,99
20170813,잠실,26.3,62.1,9,5,0.014,0.021,0.3,0.002,116.2
20170814,잠실,24.6,67.5,9,5,0.007,0.021,0.3,0.002,110.2
20170815,잠실,21.9,93.8,6,4,0.005,0.02,0.3,0.002,104.8
20170816,잠실,23.3,80.5,9,4,0.009,0.021,0.4,0.002,110.2
20170817,잠실,24.8,77.1,11,8,0.011,0.031,0.4,0.002,103.8
20170818,잠실,26.3,75.6,25,19,0.018,0.043,0.5,0.004,83
20170819,잠실,26.1,75.8,23,16,0.021,0.035,0.5,0.003,96.4
20170820,잠실,23.2,95.6,11,7,0.013,0.027,0.4,0.002,96.8
20170821,잠실,25.8,81.5,13,9,0.015,0.027,0.4,0.003,107.4
20170822,잠실,27.3,70.6,15,10,0.019,0.03,0.4,0.005,96
20170823,잠실,27.2,84.1,23,12,0.005,0.027,0.5,0.004,94.4
20170824,잠실,26.5,85.3,24,10,0.013,0.024,0.4,0.003,85.2
20170825,잠실,25.3,61.9,24,13,0.024,0.035,0.6,0.004,95.2
20170826,잠실,24.2,54.5,21,10,0.032,0.024,0.4,0.004,81.8
20170827,잠실,22.7,62,21,12,0.017,0.034,0.4,0.003,83.8
20170828,잠실,21.5,73.1,25,16,0.015,0.041,0.5,0.003,75
20170829,잠실,19.5,51.4,15,7,0.031,0.012,0.3,0.002,93
20170830,잠실,19.8,55.8,21,10,0.016,0.034,0.4,0.004,95.8
20170831,잠실,22.2,62.4,34,21,0.029,0.033,0.6,0.003,74.2
20170901,잠실,23.3,56,22,12,0.027,0.025,0.4,0.003,131
20170902,잠실,23.8,59,23,14,0.032,0.029,0.4,0.004,138
20170903,잠실,23.7,64,28,19,0.043,0.027,0.5,0.004,133
20170904,잠실,24.6,53.8,28,19,0.03,0.041,0.5,0.003,131
20170905,잠실,21.9,62.4,23,13,0.008,0.046,0.5,0.003,140
20170906,잠실,20.6,75.5,24,15,0.016,0.041,0.5,0.003,147
20170907,잠실,22.4,73.3,35,27,0.037,0.029,0.6,0.004,128
20170908,잠실,24.3,67.5,58,41,0.034,0.035,0.7,0.005,133
20170909,잠실,23.8,70.1,60,46,0.037,0.039,0.7,0.004,131
20170910,잠실,23,74.3,46,35,0.022,0.045,0.7,0.003,120
20170911,잠실,21.2,79.8,21,17,0.03,0.028,0.5,0.003,142
20170912,잠실,22.1,58.6,21,12,0.025,0.031,0.5,0.004,128
20170913,잠실,21.4,49.3,21,10,0.024,0.035,0.4,0.004,141
20170914,잠실,22.4,48.8,24,12,0.024,0.035,0.5,0.003,119
20170915,잠실,22.6,48.4,15,8,0.021,0.029,0.4,0.002,129
20170916,잠실,22,50.9,9,5,0.022,0.022,0.3,0.002,128
20170917,잠실,23.1,51.3,8,4,0.026,0.015,0.3,0.002,123
20170918,잠실,21.9,62.8,18,9,0.026,0.028,0.4,0.003,132
20170919,잠실,22.6,79.1,59,39,0.044,0.033,0.7,0.004,138
20170920,잠실,19.5,48.9,20,8,0.029,0.022,0.3,0.003,128
20170921,잠실,20.3,57.3,28,16,0.023,0.046,0.5,0.003,139
20170922,잠실,20.6,60.8,30,20,0.031,0.047,0.5,0.004,130
20170923,잠실,21.8,69.8,52,27,0.025,0.047,0.6,0.005,128
20170924,잠실,22.4,71.5,62,38,0.038,0.031,0.6,0.004,140
20170925,잠실,23.4,58,43,27,0.025,0.049,0.6,0.003,126
20170926,잠실,25.1,57,45,27,0.029,0.049,0.6,0.003,125
20170927,잠실,22.7,66.4,41,26,0.024,0.037,0.5,0.003,154
20170928,잠실,19.2,49.1,20,8,0.029,0.019,0.4,0.003,140
20170929,잠실,17.4,39.3,20,9,0.023,0.03,0.4,0.004,132
20170930,잠실,20,64.9,33,19,0.024,0.041,0.5,0.005,131
20171001,잠실,18.2,74.8,35,23,0.015,0.04,0.6,0.003,121
20171002,잠실,22,62.3,18,10,0.033,0.018,0.3,0.003,132
20171003,잠실,17.6,49.8,33,12,0.026,0.015,0.4,0.003,125
20171004,잠실,16.7,48.5,20,9,0.024,0.017,0.3,0.002,143
20171005,잠실,18.7,56.4,15,8,0.021,0.022,0.3,0.003,123
20171006,잠실,18.9,66.4,12,7,0.022,0.019,0.3,0.002,130
20171007,잠실,21.9,67.6,9,6,0.022,0.026,0.4,0.002,135
20171008,잠실,23,66.9,19,13,0.024,0.029,0.5,0.004,124
20171009,잠실,22.5,66,24,17,0.029,0.029,0.4,0.005,139
20171010,잠실,21.4,76.9,29,19,0.011,0.038,0.5,0.003,133
20171011,잠실,15.5,77.1,11,6,0.022,0.015,0.3,0.002,135
20171012,잠실,11.4,71,20,12,0.012,0.025,0.4,0.002,137
20171013,잠실,12.8,51,25,15,0.017,0.03,0.4,0.003,125
20171014,잠실,14.4,42.8,20,11,0.026,0.025,0.4,0.003,140
20171015,잠실,15.8,42.5,21,12,0.022,0.03,0.4,0.003,135
20171016,잠실,16.6,47.6,28,16,0.018,0.033,0.5,0.003,129
20171017,잠실,16.2,47.1,36,22,0.016,0.045,0.6,0.003,139
20171018,잠실,16.5,58.8,25,16,0.015,0.038,0.5,0.003,131
20171019,잠실,17,58.3,18,11,0.019,0.033,0.4,0.002,136
20171020,잠실,17,58.6,31,18,0.015,0.044,0.5,0.003,133
20171021,잠실,17.6,52.8,36,23,0.017,0.043,0.6,0.003,125
20171022,잠실,16.3,50.4,25,15,0.024,0.026,0.4,0.002,136
20171023,잠실,13.7,47,21,10,0.027,0.026,0.4,0.002,120
20171024,잠실,14.4,54.3,30,16,0.016,0.041,0.5,0.003,130
20171025,잠실,14.4,59,38,22,0.021,0.042,0.6,0.003,126
20171026,잠실,14.5,56.5,46,29,0.015,0.05,0.7,0.003,121
20171027,잠실,16.9,54.4,59,37,0.02,0.055,0.8,0.003,141
20171028,잠실,17.2,51.9,44,28,0.023,0.046,0.7,0.003,136
20171029,잠실,11.5,45.6,57,22,0.026,0.024,0.5,0.003,139
20171030,잠실,7.7,27.4,32,14,0.023,0.023,0.4,0.003,125
20171031,잠실,10.4,54.3,31,15,0.011,0.044,0.6,0.004,133
20171101,잠실,14.4,72.4,37,20,0.021,0.041,0.5,0.005,120
20171102,잠실,15.5,78.8,47,28,0.022,0.044,0.5,0.005,130
20171103,잠실,12.3,66,38,26,0.029,0.027,0.4,0.003,129
20171104,잠실,7.8,47.9,53,41,0.022,0.026,0.5,0.003,130
20171105,잠실,8.4,52.5,42,30,0.013,0.041,0.6,0.004,137
20171106,잠실,11.4,64.5,34,23,0.009,0.053,0.7,0.004,139
20171107,잠실,14.4,61.4,43,28,0.004,0.064,0.7,0.004,140
20171108,잠실,13.1,53.3,57,29,0.032,0.026,0.5,0.004,131
20171109,잠실,9.4,39.6,48,26,0.008,0.052,0.7,0.004,142
20171110,잠실,9.8,56.3,44,23,0.013,0.044,0.7,0.004,129
20171111,잠실,5.9,42.9,59,12,0.019,0.021,0.4,0.003,140
20171112,잠실,5.3,57.1,29,18,0.011,0.036,0.5,0.003,121
20171113,잠실,8.4,64.4,39,25,0.005,0.051,0.7,0.004,130
20171114,잠실,7.5,42.5,42,18,0.019,0.026,0.5,0.004,140
20171115,잠실,3.2,38.3,23,11,0.021,0.021,0.4,0.004,134
20171116,잠실,1,30.3,23,13,0.015,0.03,0.5,0.003,122
20171117,잠실,3,39.4,39,24,0.003,0.048,0.7,0.004,127
20171118,잠실,-2.1,38.5,37,21,0.024,0.012,0.4,0.003,138
20171119,잠실,-1.6,37.8,23,12,0.021,0.018,0.4,0.003,143
20171120,잠실,-0.4,55.3,35,21,0.01,0.036,0.6,0.004,131
20171121,잠실,1.3,55.6,47,31,0.004,0.049,0.8,0.004,132
20171122,잠실,4.3,54.8,63,34,0.011,0.04,0.7,0.005,131
20171123,잠실,0.9,49.3,21,11,0.015,0.024,0.4,0.004,135
20171124,잠실,-0.4,62.5,18,12,0.013,0.025,0.4,0.003,138
20171125,잠실,3,77.6,25,15,0.003,0.045,0.7,0.003,135
20171126,잠실,3.3,71.6,39,25,0.011,0.032,0.7,0.003,136
20171127,잠실,2.5,53,45,29,0.004,0.049,0.8,0.004,123
20171128,잠실,6.4,64.1,71,48,0.003,0.061,1.1,0.006,129
20171129,잠실,3.2,48.3,55,27,0.014,0.028,0.5,0.004,133
20171130,잠실,-2.4,26.8,21,10,0.024,0.018,0.4,0.003,129
20171201,잠실,-2.2,49.4,21,13,0.013,0.035,0.5,0.004,129
20171202,잠실,1.9,59.9,35,24,0.004,0.047,0.7,0.005,122
20171203,잠실,4.9,83.1,48,36,0.002,0.048,0.9,0.004,124
20171204,잠실,-1.2,48.1,38,27,0.019,0.021,0.5,0.004,128
20171205,잠실,-4.2,40.1,19,10,0.019,0.02,0.4,0.004,128
20171206,잠실,0.2,72.6,32,23,0.004,0.042,0.7,0.004,123
20171207,잠실,0.7,64.5,42,33,0.011,0.035,0.7,0.004,134
20171208,잠실,-3.8,41.3,28,20,0.016,0.024,0.5,0.004,126
20171209,잠실,-0.5,46.1,36,24,0.003,0.051,0.8,0.004,131
20171210,잠실,1.1,67.9,37,26,0.011,0.034,0.7,0.004,119
20171211,잠실,-7,40.5,36,9,0.018,0.012,0.3,0.003,134
20171212,잠실,-9.4,41.9,28,15,0.016,0.018,0.4,0.004,137
20171213,잠실,-8.7,42,30,17,0.015,0.024,0.5,0.003,133
20171214,잠실,-6.6,42.9,48,34,0.004,0.048,0.9,0.004,139
20171215,잠실,-3,52.6,73,56,0.002,0.067,1.3,0.005,129
20171216,잠실,-5.7,43.1,36,25,0.021,0.017,0.5,0.004,129
20171217,잠실,-6.7,38.1,31,12,0.022,0.019,0.4,0.003,134
20171218,잠실,-1.6,80,57,38,0.004,0.053,1.1,0.004,132
20171219,잠실,-3.9,49.4,42,21,0.016,0.022,0.5,0.004,134
20171220,잠실,-3.9,68,42,32,0.003,0.045,0.8,0.004,130
20171221,잠실,-0.9,71.4,48,37,0.004,0.052,0.9,0.005,124
20171222,잠실,3.4,66.6,55,41,0.003,0.063,1.1,0.007,125
20171223,잠실,6.1,75.8,99,72,0.009,0.057,1,0.008,132
20171224,잠실,2.9,82,69,54,0.017,0.042,0.9,0.005,208
20171225,잠실,-2.1,43.1,23,14,0.022,0.02,0.4,0.005,198
20171226,잠실,-3.8,41.8,22,12,0.018,0.024,0.4,0.004,119
20171227,잠실,-6.9,31.4,23,13,0.015,0.025,0.5,0.004,123
20171228,잠실,-2.1,47,35,23,0.005,0.043,0.7,0.004,139
20171229,잠실,2.1,67,81,58,0.007,0.052,0.9,0.007,129
20171230,잠실,1.4,79.5,112,87,0.003,0.056,1.1,0.005,127
20171231,잠실,-0.3,54.4,53,34,0.022,0.022,0.6,0.004,125
